song name, artist, album, genre, link
Leave Out All The Rest,Linkin Park,Minutes to Midnight,Rock,https://open.spotify.com/track/0sp00HSXkQyqTa6QqM0O8V?si=B1yxmzaSRvC8IE_zzeyHcw
Bleed It Out,Linkin Park,Minutes to Midnight,Rock,https://open.spotify.com/track/0UFDKFqW2oGspYeYqo9wjA?si=EVqv0I2BSU2suy3Lh1mTig
Shadow of the Day,Linkin Park,Minutes to Midnight,Rock,https://open.spotify.com/track/0OYcEfskah1egYHjYRvbg1?si=VxB27Ok1RJ22oqxL81kAWg
What I've Done,Linkin Park,Minutes to Midnight,Rock,https://open.spotify.com/track/18lR4BzEs7e3qzc0KVkTpU?si=MP8xbWzRTAiSyixIa9U5Fw
Iridescent,Linkin Park,A Thousand Suns,Rock,https://open.spotify.com/track/6SoUUr6i1X0GReHinApeKI?si=VVqn7pyaQ26emp0Cd23SHg
Blackout,Linkin Park,A Thousand Suns,Rock,https://open.spotify.com/track/0uIDQUwQmUltzyozMSezwQ?si=dJA9_Vn7RqiLnzb5fROoow
Papercut,Linkin Park,Hybrid Theory,Rock,https://open.spotify.com/track/1Vej0qeQ3ioKwpI6FUbRv1?si=RPK_r0sETu-_C27r7-g1pQ
Crawling,Linkin Park,Hybrid Theory,Rock,https://open.spotify.com/track/6xtQ23d8GEXgcxyUKPtwc5?si=QIBgjA3QQmO3MPRZp1tZuQ
Runaway,Linkin Park,Hybrid Theory,Rock,https://open.spotify.com/track/6xtQ23d8GEXgcxyUKPtwc5?si=F2_bbo3tT5qJNiAbGonivQ
In the End,Linkin Park,Hybrid Theory,Rock,https://open.spotify.com/track/60a0Rd6pjrkxjPbaKzXjfq?si=DQpp8b6XSam9OeJBQ_Jq4A
Forgotten,Linkin Park,Hybrid Theory,Rock,https://open.spotify.com/track/7kxM3UJwN6rHAW5kwdlAHK?si=jmCPx6vER4qL_ro1MLBdCA
High Voltage,Linkin Park,Hybrid Theory,Rock,https://open.spotify.com/track/7GVqIMb6OdMY5mG7fUrtOq?si=3mQJiZtgRUSUEIoOXwgGnw
Breaking the Habit ,Linkin Park,Meteora,Rock,https://open.spotify.com/track/4HcDu9IGRCvSTJE4yW5Ugv?si=lQ8piU_zTW2ZiKGP3sLByg
Numb ,Linkin Park,Meteora,Rock,https://open.spotify.com/track/0kO3njY9N1Rxgv27Ha1lLh?si=XvnmcEN2SdeXiMBw8ueRjg
Faint,Linkin Park,Meteora,Rock,https://open.spotify.com/track/2uxL6E8Yq0Psc1V9uBtC4F?si=GKrUmcDyRJm02FkuipSBkA
Somehwere I Belong,Linkin Park,Meteora,Rock,https://open.spotify.com/track/1d5UuboIPRMD4HaU3yycKC?si=dzDUZEj0R2iymWMKc9rczg
Don't Stay,Linkin Park,Meteora,Rock,https://open.spotify.com/track/27gUeiai56GKF6TxvmPJut?si=eHfGA03-RZm5ZufY8VnlIg
CASTLE OF GLASS,Linkin Park,Living Things ,Rock,https://open.spotify.com/track/1r1fPuhj9H4VdXr7OK6FL5?si=8KCX6DC-SuK-pfgRgcG-LQ
BURN IT DOWN,Linkin Park,Living Things ,Rock,https://open.spotify.com/track/7oVEtyuv9NBmnytsCIsY5I?si=HY8MF9SsSiWD40KhNz38mA
Yellow,Coldplay,Parachutes,Alternative Rock,https://open.spotify.com/track/3AJwUDP919kvQ9QcozQPxg?si=1orBWsOnRFyM90I5XEdNWw
Paradise,Coldplay,Mylo Xyloto,Alternative Rock,https://open.spotify.com/track/6nek1Nin9q48AVZcWs9e9D?si=b3cYjgMLR2CC8IL4D854Yw
The Scientist ,Coldplay,A Rush of Blood to the Head,Alternative Rock,https://open.spotify.com/track/75JFxkI2RXiU7L9VXzMkle?si=1Z1AV8IsQQmPpHF9CEF13A
Fix You,Coldplay,X&Y,Alternative Rock,https://open.spotify.com/track/7LVHVU3tWfcxj5aiPFEW4Q?si=NnicGEtNTyW2z39k6ruEXg
Clocks ,Coldplay,A Rush of Blood to the Head,Alternative Rock,https://open.spotify.com/track/0BCPKOYdS2jbQ8iyB56Zns?si=ikgO4LGxQe2Dtgx4SIJ4TA
Every Teardrop Is a Waterfall ,Coldplay,Mylo Xyloto,Alternative Rock,https://open.spotify.com/track/2U8g9wVcUu9wsg6i7sFSv8?si=hHNVdwW-Rt27S30Dj4_NzA
Something Just Like This ,Coldplay ft. The Chainsmokers,Something Just Like This ,Alternative Rock,https://open.spotify.com/track/1dNIEtp7AY3oDAKCGg2XkH?si=LtTEftJuTuyJGAR-Tx1UgQ
Hymn for the Weekend,Coldplay,A Head Full of Dreams,Alternative Rock,https://open.spotify.com/track/3RiPr603aXAoi4GHyXx0uy?si=9KSLV6F0T0aNo6_sGH5Pew
Viva La Vida ,Coldplay,Viva La Vida or Death and All His Friends,Alternative Rock,https://open.spotify.com/track/1mea3bSkSGXuIRvnydlB5b?si=rf3d-fqMTpuzWW38ErHF7g
rockstar,Post Malone (feat. 21 Savage),beerbongs & bentleys,Pop / Hip-Hop,https://open.spotify.com/track/0e7ipj03S05BNilyu5bRzt?si=0yfet_szT3CYTIBzxX6cnQ
I Fall Apart ,Post Malone,Stoney,Pop / Hip-Hop,https://open.spotify.com/track/2mdxJLJHzFmiiYdTZ8JcyH?si=UVJhGTTRQ6anIGmTnlIN4w
Psycho,Post Malone (feat. Ty Dolla $ign),beerbongs & bentleys,Pop / Hip-Hop,https://open.spotify.com/track/3swc6WTsr7rl9DqQKQA55C?si=4dXbJOB4QjuoiXhQdFfDfA
Candy Paint,Post Malone,beerbongs & bentleys,Pop / Hip-Hop,https://open.spotify.com/track/3swc6WTsr7rl9DqQKQA55C?si=ea7zaO83TWiTGFIlsdwCyA
A Thousand Bad Times,Post Malone,Hollywood's Bleeding,Pop / Hip-Hop,https://open.spotify.com/track/3hFG4jR5stnIQJDI64KlJY?si=whRC5t-TRqec2XKWdoFruA
White Iverson,Post Malone,Stoney (Deluxe),Pop / Hip-Hop,https://open.spotify.com/track/6eT7xZZlB2mwyzJ2sUKG6w?si=IYkQ6kzqTSy61yF3kUa-PQ
Zack And Codeine,Post Malone,beerbongs & bentleys,Pop / Hip-Hop,https://open.spotify.com/track/5lZZmityu9TAjNvSY6GLhR?si=hV7fMAaISCm-FGB2ISdqNA
Rich & Sad,Post Malone,beerbongs & bentleys,Pop / Hip-Hop,https://open.spotify.com/track/2VdT56BGpdqNHUgOe1j5vc?si=auV4bOFGRtCfAIDQG05TiA
Congratulations,Post Malone,Stoney ,Pop / Hip-Hop,https://open.spotify.com/track/6syOdAs4IK8kPWR7gDyjRw?si=3Nr7_69ZTeiW1LShlyNWaQ
All Girls Are The Same ,Juice WRLD,Goodbye & Good Riddance ,Pop / Hip-Hop,https://open.spotify.com/track/4VXIryQMWpIdGgYR4TrjT1?si=NJdMVXz2S76K8bTM2Gy-3A
Lucid Dreams ,Juice WRLD,Goodbye & Good Riddance ,Pop / Hip-Hop,https://open.spotify.com/track/285pBltuF7vW8TeWk8hdRR?si=aQ4V8bEoTZ6KLZSDmk0ktg
Armed And Dangerous ,Juice WRLD,Goodbye & Good Riddance ,Pop / Hip-Hop,https://open.spotify.com/track/5wujBwqG7INdStqGd4tRMX?si=9JmJWQ2BS4GOF4j22HIP-w
Empty,Juice WRLD,Death Race For Love,Pop / Hip-Hop,https://open.spotify.com/track/41MCdlvXOl62B7Kv86Bb1v?si=MNBqNBEeTy2FBntFYCkmSA
Fast,Juice WRLD,Death Race For Love,Pop / Hip-Hop,https://open.spotify.com/track/6MjNilJCVKJq0LfFvo5jWJ?si=_QDCiRdqTsmSILEOBI09vQ
Robbery ,Juice WRLD,Death Race For Love,Pop / Hip-Hop,https://open.spotify.com/track/6Hj9jySrnFppAI0sEMCZpJ?si=G1u1rhv3QMKn3d5UUPcIAA
Come & Go ,Juice WRLD (with Marshmello),Legends Never Die,Pop / Hip-Hop,https://open.spotify.com/track/2Y0wPrPQBrGhoLn14xRYCG?si=tLPYAuWrSe6sZhyCB889ZA
Righteous,Juice WRLD,Legends Never Die,Pop / Hip-Hop,https://open.spotify.com/track/5dOxHHMOFAbG3VH23t0xNm?si=_qNjcfhUQI6yTgzw7dW7mA
Smile ,Juice WRLD (with The Weeknd),Legends Never Die,Pop / Hip-Hop,https://open.spotify.com/track/6wQlQrTY5mVS8EGaFZVwVF?si=BccCesZiRTSzi0De3ORTGw
Up Up And Away,Juice WRLD,Legends Never Die,Pop / Hip-Hop,https://open.spotify.com/track/7pbg3ABlAZv2NiIdKbBBFm?si=qFQ1PmsdTxqMJ55pH148NA
Man Of The Year,Juice WRLD,Legends Never Die,Pop / Hip-Hop,https://open.spotify.com/track/7AvprzMsRJpybaalckaT8c?si=i-iPn3MYRleiU7yjR0Vv4w
Wishing Well ,Juice WRLD,Legends Never Die,Pop / Hip-Hop,https://open.spotify.com/track/2U5WueTLIK5WJLD7mvDODv?si=viVMteizRUSV48PQROvX0w
i'm so tired…,Lauv and Troye Sivan,i'm so tired…,Pop  ,https://open.spotify.com/track/7COXchtUOMd6uIT6HvmRaI?si=hRpH3sBaTZ2-UHN2RJpE3Q
lonewolf,convolk,LONEWOLF,Emo Rap,https://open.spotify.com/track/1lSqu7LFx7v51aGMeKVYaI?si=M6dsE0QJQ5-7jBGhl-tJnw
whatever it takes,"convolk (with halberd, guardin, Jakkyboi and 9tails)",whatever it takes,Emo Rap,https://open.spotify.com/track/5FkOlv0W1nBqs3mgbksZa4?si=iDMWJm0NSuKyPmS8XhD_Rg
alive ,guardin,creature pt.2 ,Emo Rap,https://open.spotify.com/track/0SQS6U9RfjA4Nph4JcMpU8?si=ZwtcOmNrT--zmPZyW310nA
heal,50Landing,growing pains,Pop,https://open.spotify.com/track/0WeFvEY2QEjcKVd8ymli4i?si=LBp4Jv1AReSmNrcmoKKUlg
remember,50Landing,remember,Pop,https://open.spotify.com/track/1LmNhEkyaKl1mSJDNSNwjZ?si=U-oWfjz4Ty6XbDUFbpQDRA
Mr. Brightside ,The Killers,Hot Fuss,Alternative Rock,https://open.spotify.com/track/7oK9VyNzrYvRFo7nQEYkWN?si=2ZB_oCvcSOqErPnzMTD1vA
All The Small Things ,blink -182,Enema Of The State,Pop Punk,https://open.spotify.com/track/12qZHAeOyTf93YAWvGDTat?si=STm1W1leQE28Qh1sBXsVUg
I Miss You,blink -182,blink -182,Pop Punk,https://open.spotify.com/track/1oTo3ijRbaDAtrjJrGAPSw?si=qthMYywsSy2tiUr_Jmlw0w
How to Save a Life,The Fray,How to Save a Life,Soft Rock,https://open.spotify.com/track/5fVZC9GiM4e8vu99W0Xf6J?si=oivm0vv2S5CxE4C-uWZ3GA
You Found Me,The Fray,The Fray,Soft Rock,https://open.spotify.com/track/4IoYz8XqqdowINzfRrFnhi?si=dV3332KiRpuVnDeFwUH95w
Over My Head,The Fray,How to Save a Life,Soft Rock,https://open.spotify.com/track/1N62wozuHCvczCkY4QidpP?si=lc5pc1mmSPu5Jq0s4sPsJQ
Love Don't Die,The Fray,Helios,Soft Rock,https://open.spotify.com/track/6IDDwI0YOCAUDhMZltQekS?si=hUqy3PUMSNWW-Blw-E7-IQ
Fortunate Son ,Creedence Clearwater Revival ,Willy And The Poor Boys,Rock,https://open.spotify.com/track/4BP3uh0hFLFRb5cjsgLqDh?si=08ic0gQQR-CeGbNXrAxr6Q
Enter Sandman,Metallica,Metallica,Metal,https://open.spotify.com/track/5BIMPccDwShpXq784RJlJp?si=Woid1AJqSqyFNZBrq8UKRw
Nothing Else Matters ,Metallica,Metallica,Metal,https://open.spotify.com/track/10igKaIKsSB6ZnWxPxPvKO?si=FlWuLpXDRVOhD0XPO5MHsg
The Unforgiven,Metallica,Metallica,Metal,https://open.spotify.com/track/2lF8jQFhIjpmQa501sYXxR?si=Tq_s79RJROWx9q2G1cbIsg
Master Of Puppets ,Metallica,Master Of Puppets ,Metal,https://open.spotify.com/track/54bm2e3tk8cliUz3VSdCPZ?si=lXHWF1lcT_mog0pk-La_YQ
Back In Black ,AC/DC,Back In Black ,Hard Rock,https://open.spotify.com/track/08mG3Y1vljYA6bvDt4Wqkj?si=BIGI4UGsQUyGgoKSJ6O_gg
Thunderstruck,AC/DC,The Razors Edge,Hard Rock,https://open.spotify.com/track/57bgtoPSgt236HzfBOd8kj?si=H-XixzkdTc2FhdD4qPr1mA
Highway To Hell,AC/DC,Highway To Hell,Hard Rock,https://open.spotify.com/track/2zYzyRzz6pRmhPzyfMEC8s?si=S19SgvOJThKxk0PultdgBg
T.N.T,AC/DC,High Voltage,Hard Rock,https://open.spotify.com/track/7LRMbd3LEoV5wZJvXT1Lwb?si=RnBLVl3HROSI1dJcoCVHOg
Sweet Child O'Mine,Guns N'Roses,Appetite For Destruction,Hard Rock,https://open.spotify.com/track/7snQQk1zcKl8gZ92AnueZW?si=ybw-DByTQbajT9JPs91Dhw
November Rain,Guns N'Roses,Use Your Illusion I ,Hard Rock,https://open.spotify.com/track/3YRCqOhFifThpSRFJ1VWFM?si=xa0v7k9gRH2IG7GnpWWtVg
Paradise City,Guns N'Roses,Appetite For Destruction,Hard Rock,https://open.spotify.com/track/6eN1f9KNmiWEhpE2RhQqB5?si=3mD5UA4lQEKr7aGNyUwhMg
Welcome To The Jungle,Guns N'Roses,Appetite For Destruction,Hard Rock,https://open.spotify.com/track/0G21yYKMZoHa30cYVi1iA8?si=AbNzZkOOSjW5gcCEAFY_Mw
Here Comes The Sun,The Beatles,Abbey Road,Rock / Blues,https://open.spotify.com/track/6dGnYIeXmHdcikdzNNDMm2?si=_-Bv4WnmT-maxQTHapNlgw
Hey Jude,The Beatles,1,Rock / Blues,https://open.spotify.com/track/0aym2LBJBk9DAYuHHutrIl?si=01VDLm90RS2FfzsR_BrVzA
Come Together,The Beatles,Abbey Road,Rock / Blues,https://open.spotify.com/track/2EqlS6tkEnglzr7tkKAAYD?si=JZHJn5H7T3iN_94poMbpJA
Let It Be ,The Beatles,Let It Be,Rock / Blues,https://open.spotify.com/track/7iN1s7xHE4ifF5povM6A48?si=l7hENnrrSUi-uE4WkfNagw
I Want To Hold Your Hand,The Beatles,1,Rock / Blues,https://open.spotify.com/track/4pbG9SUmWIvsROVLF0zF9s?si=-a9d5HaPRRSkvKRoHR8xrA
Yellow Submarine,The Beatles,1,Rock / Blues,https://open.spotify.com/track/7zRmGvtSy36Jr19U5OInJT?si=31JVpGoISRSqq_peyhO6lQ
Help!,The Beatles,Help!,Rock / Blues,https://open.spotify.com/track/7DD7eSuYSC5xk2ArU62esN?si=8Z5Lp1ZYRC6NNnolby1v3w
Yesterday,The Beatles,Help!,Rock / Blues,https://open.spotify.com/track/3BQHpFgAp4l80e1XslIjNI?si=hL2VpdIBQG6JUgCNeqKtTg
Joker And The Thief,Wolfmother,Wolfmother,Hard Rock,https://open.spotify.com/track/7ISL3LO8AWP3fKIXunvqTa?si=GCsQ2JjQSw2n4g-UXHwFBw
21 Guns,Green Day,21st Century Breakdown,Alternative Rock,https://open.spotify.com/track/64yrDBpcdwEdNY9loyEGbX?si=JGVvjOlMRzy0bk3GWFr17w
American Idiot,Green Day,American Idiot,Alternative Rock,https://open.spotify.com/track/6nTiIhLmQ3FWhvrGafw2zj?si=jOX99qhpTQKJedXEjhhHsw
Wake Me up When September Ends,Green Day,American Idiot,Alternative Rock,https://open.spotify.com/track/3ZffCQKLFLUvYM59XKLbVm?si=6X03cx3ZQ1W-2bKq7elgyw
Boulevard of Broken Dreams,Green Day,American Idiot,Alternative Rock,https://open.spotify.com/track/5GorCbAP4aL0EJ16frG2hd?si=qmIjeA4pS4qdHne2Jc84fw
Fireflies,Owl City,Ocean Eyes (Deluxe Version),Pop,https://open.spotify.com/track/3DamFFqW32WihKkTVlwTYQ?si=QU-SQwLJTpOhvOoSVS-pNw
Good Time,Owl City,The Midsummer Station,Pop,https://open.spotify.com/track/1kPpge9JDLpcj15qgrPbYX?si=D5YwvMAET9erLj6U5eYgCg
Young Dumb & Broke ,Khalid,American Teen,R&B / Pop,https://open.spotify.com/track/5Z3GHaZ6ec9bsiI5BenrbY?si=r8VN72hQSHWBsXIRJOiPkg
Silence ,Khalid (with Marshmello),Silence,R&B / Pop,https://open.spotify.com/track/7vGuf3Y35N4wmASOKLUVVU?si=QrWFHSSSTpqwV2WeWNh6eg
8TEEN,Khalid,American Teen,R&B / Pop,https://open.spotify.com/track/5bgwqaRSS3M8WHWruHgSL5?si=Ci27rMT2SdG-MuHvD-9Kew
XO Tour Llif3,Lil Uzi Vert,Luv is Rage 2,Rap,https://open.spotify.com/track/7GX5flRQZVHRAGd6B4TmDO?si=X_f0Cv4aRBGhxuPbW-2ilw
20 min,Lil Uzi Vert,Luv is Rage 3,Rap,https://open.spotify.com/track/0uxSUdBrJy9Un0EYoBowng?si=dhj2nfU-TN-RWjv3rd8LVA
Myron ,Lil Uzi Vert,Eternal Atake (Deluxe),Rap,https://open.spotify.com/track/56uXDJRCuoS7abX3SkzHKQ?si=Mbn0mo8MQLmCE361-kXS-Q
P2,Lil Uzi Vert,Eternal Atake,Rap,https://open.spotify.com/track/3kW4z2pIj5VY5fLjBrMRL5?si=mRyHFnRiSkC3aiwmEIHl-g
Closer,The Chainsmokers,Closer,Pop,https://open.spotify.com/track/7BKLCZ1jbUBVqRi2FVlTVw?si=UPQl2GQPSliYbwy4xCE_jw
Don’t Let Me Down,The Chainsmokers,Don’t Let Me Down,Pop,https://open.spotify.com/track/1i1fxkWeaMmKEB4T7zqbzK?si=bbIV4bOMTCKvSQAl0cda2A
Roses,The Chainsmokers,Roses,Pop,https://open.spotify.com/track/3vv9phIu6Y1vX3jcqaGz5Z?si=ZVmjTXXeQq2r53sbfU2I3w
This Feeling,The Chainsmokers,Sick Boy ,Pop,https://open.spotify.com/track/4NBTZtAt1F13VvlSKe6KTl?si=KgKVGFJdSz2Jw0qdoUbasQ
Paris,The Chainsmokers,Memories...Do Not Open,Pop,https://open.spotify.com/track/72jbDTw1piOOj770jWNeaG?si=r7TlGcgmQSqgZ6-eUpUfVw
UCLA ,R.L Grimes,NOVA,House,https://open.spotify.com/track/3OaunNUlXXs5e2PXtNAzzG?si=zp7VB8PASs6FiV9I42GEhA
hot girl bummer,blackbear,everything means nothing,Emo Rap / Pop,https://open.spotify.com/track/2mt1IqcFyY1zmYZT8Q3xw9?si=NyvIf7R2Q0iTDd_HppKd7A
idfc,blackbear,deadroses,Emo Rap / Pop,https://open.spotify.com/track/6y6jbcPG4Yn3Du4moXaenr?si=_RxKLI2dSkWHloVT-xr4sw
do re mi,blackbear,digital druglord,Emo Rap / Pop,https://open.spotify.com/track/3Q3myFA7q4Op95DOpHplaY?si=Vy5-slJISnCMkn0-T8b7zg
me & ur ghost,blackbear,everything means nothing,Emo Rap / Pop,https://open.spotify.com/track/38KsRHYE10bG0paU78gL9r?si=5-9za_JLSpmFlhdWyXlA0g
Sorry,Justin Bieber,Purpose (Deluxe),Pop,https://open.spotify.com/track/09CtPGIpYB4BrO8qb1RGsF?si=4AZOLJmFTQGvxQ_z6zlz6w
Love Yourself,Justin Bieber,Purpose (Deluxe),Pop,https://open.spotify.com/track/50kpGaPAhYJ3sGmk6vplg0?si=xA4YYH1eRY6LVrLjH8Hbgg
Monster,Justin Bieber (with Shawn Mendes),Monster (with Shawn Mendes),Pop,https://open.spotify.com/track/2Z8yfpFX0ZMavHkcIeHiO1?si=ZO7_bEJjQ5qreQH7Kf6WOA
Holy,Justin Bieber,Holy,Pop,https://open.spotify.com/track/5u1n1kITHCxxp8twBcZxWy?si=O1JUId3yQRSPYsxtYKvbYQ
What Do You Mean?,Justin Bieber,Purpose (Deluxe),Pop,https://open.spotify.com/track/4B0JvthVoAAuygILe3n4Bs?si=9uazd7T4SQmfHQolrk5m7Q
Don't You Worry Child,Swedish House Mafia,Don't You Worry Child,House,https://open.spotify.com/track/2V65y3PX4DkRhy1djlxd9p?si=KjYqY8FdSGGAzAwSPrqYmw
Save the World,Swedish House Mafia,Save the World,House,https://open.spotify.com/track/65hRZOQkVjmBdusz1N7aOv?si=NVNjZ-RhSMaWHkVq2R0JEA
One,Swedish House Mafia,One,House,https://open.spotify.com/track/41KPpw0EZCytxNkmEMJVgr?si=4K-a1jZWSIOmxKEJWnr6Gg
lovely,Billy Eilish (with Khalid),lovely (with Khalid),Pop,https://open.spotify.com/track/0u2P5u6lvoDfwTYjAADbn4?si=c3DBQzkpSAifW_XbqwtExQ
bad guy,Billy Eilish,WHEN WE ALL FALL ASLEEP WHERE DO WE GO?,Pop,https://open.spotify.com/track/2Fxmhks0bxGSBdJ92vM42m?si=dFH5WvkqR3Wkes47Lma1qQ
when the party's over,Billy Eilish,WHEN WE ALL FALL ASLEEP WHERE DO WE GO?,Pop,https://open.spotify.com/track/43zdsphuZLzwA9k4DJhU0I?si=Uj9X_ox9RWeFDHuBXbokNg
everything i wanted,Billy Eilish,everything i wanted,Pop,https://open.spotify.com/track/3ZCTVFBt2Brf31RLEnCkWJ?si=XSZKz4WGR0yiGGyI5MGqgQ
God's Plan,Drake,Scorpion,Rap / Hip-Hop,https://open.spotify.com/track/6DCZcSspjsKoFjzjrWoCdn?si=jKTS7moSR3e1ldJ8_4LGXg
One Dance ,Drake,Views,Rap / Hip-Hop,https://open.spotify.com/track/1zi7xx7UVEFkmKfv06H8x0?si=AK3toKL1QGK7N-MhamzyOA
Nonstop ,Drake,Scorpion,Rap / Hip-Hop,https://open.spotify.com/track/0TlLq3lA83rQOYtrqBqSct?si=MzLidxVeTySWN56SsqcL0g
Toosie Slide ,Drake,Dark Lane Demo Tapes,Rap / Hip-Hop,https://open.spotify.com/track/466cKvZn1j45IpxDdYZqdA?si=k3o3A6SMT9yoB4hbfWgqqQ
Laugh Now Cry Later,Drake,Laugh Now Cry Later (feat. Lil Durk),Rap / Hip-Hop,https://open.spotify.com/track/2SAqBLGA283SUiwJ3xOUVI?si=JegA9fr4Rl6LUBiX6T067A
Chicago Freestyle,Drake,Dark Lane Demo Tapes,Rap / Hip-Hop,https://open.spotify.com/track/4wVOKKEHUJxHCFFNUWDn0B?si=_19y8X7FR6eWRIRdeVfifA
Perfect,Ed Sheeran,Divide (Deluxe),Pop,https://open.spotify.com/track/0tgVpDi06FyKpA1z0VMD4v?si=Z7h1aMsbQcWKTgUWxF5Quw
Shape of You,Ed Sheeran,Divide (Deluxe),Pop,https://open.spotify.com/track/7qiZfU4dY1lWllzX7mPBI3?si=KV2kxOhaQ3yFoxC3mx7ubA
Photograph,Ed Sheeran,x (Deluxe),Pop,https://open.spotify.com/track/6fxVffaTuwjgEk5h9QyRjy?si=SxhVzB-iRu-R8OgTnUh-YQ
Thinking out Loud,Ed Sheeran,x (Deluxe),Pop,https://open.spotify.com/track/1Slwb6dOYkBlWal1PGtnNg?si=e20JwECPRmukSPXvfE8flQ
I Don't Care,Ed Sheeran (with Justin Bieber),No.6 Collaborations Project,Pop,https://open.spotify.com/track/0hVXuCcriWRGvwMV1r5Yn9?si=mg38Jm-TTIO8wO_04SXBWg
Beautiful People,Ed Sheeran (with Khalid),No.6 Collaborations Project,Pop,https://open.spotify.com/track/70eFcWOvlMObDhURTqT4Fv?si=TL8xEgNOT1yM_DkDvmLmGg
goosebumps,Travis Scott,Birds In The Trap Sing McKnight,Rap,https://open.spotify.com/track/6gBFPUFcJLzWGx4lenP6h2?si=QhKU8mXcQDaM8P_dbTTlOg
HIGHEST IN THE ROOM,Travis Scott,ASTROWORLD,Rap,https://open.spotify.com/track/3eekarcy7kvN4yt5ZFzltW?si=EiaMyKmORzutKPhRCjWt2w
SICKO MODE,Travis Scott,ASTROWORLD,Rap,https://open.spotify.com/track/2xLMifQCjDGFmkHkpNLD9h?si=VcnnE8K9T2GtktQwkYO9MQ
BUTTERFLY EFFECT,Travis Scott,ASTROWORLD,Rap,https://open.spotify.com/track/2cYqizR4lgvp4Qu6IQ3qGN?si=8Dq9SAErQfm2Vpthiz9h0Q
STARGAZING,Travis Scott,ASTROWORLD,Rap,https://open.spotify.com/track/7wBJfHzpfI3032CSD7CE2m?si=HzqKRU45T7q2QsA5K19smw
Memories,Maroon 5,Memories,Pop / Alternative Rock,https://open.spotify.com/track/2b8fOow8UzyDFAE27YhOZM?si=QozAkaz3SzComyJm1wV0Mg
Payphone,Maroon 5,Overexposed,Pop / Alternative Rock,https://open.spotify.com/track/1LmN9SSHISbtp9LoaR5ZVJ?si=6hY1m8GkSGeBSIkYTyqMuA
Sugar,Maroon 5,V ,Pop / Alternative Rock,https://open.spotify.com/track/2iuZJX9X9P0GKaE93xcPjk?si=zXphlqpTTfuXi28h-xOTnA
She Will Be Loved,Maroon 5,Songs About Jane,Pop / Alternative Rock,https://open.spotify.com/track/4llK75pXNWZz6KAho2Gp16?si=VFcE175sQ5GTykGEbzdXnA
Maps,Maroon 5,V,Pop / Alternative Rock,https://open.spotify.com/track/4gbVRS8gloEluzf0GzDOFc?si=1msPL97TQ3W-h-kcceoNXQ
Moves Like Jagger,Maroon 5,Hands All Over ,Pop / Alternative Rock,https://open.spotify.com/track/64QftS2rGzpynevjuCsJXW?si=MFGgdQW8QnOD-xa96ljVrw
XO  ,EDEN,i think you think too much of me,Alternative Rock,https://open.spotify.com/track/0ZAiqymvbQUZAh9y6ZT3Rm?si=lq997ag9S8-HQB3JjrSDMw
crash,EDEN,vertigo,Alternative Rock,https://open.spotify.com/track/7EkMIQ2PzEzwQroLl6dUvw?si=TR-EAqxwT3G9gJrFnwnBhQ
Wake Up ,EDEN,End Credits,Alternative Rock,https://open.spotify.com/track/6K6OCvFQ4i7KKfGJsOAqY1?si=enSwOFsWTwiXzD6S9t03JA
You & Me - Flume Remix,Flume and Eliza Doolittle,Settle (The Remixes),Electronic,https://open.spotify.com/track/1snNAXmmPXCn0dkF9DaPWw?si=Qx-i4lBdQByP_EBgtAYaCQ
Drop The Game,Flume,Lockjaw,Electronic,https://open.spotify.com/track/06WnUZymWyJamDivTWqJZA?si=ezyDqacGSduxfjeP7klfAQ
Never Be Like You ,Flume (feat. Kai),Skin,Electronic,https://open.spotify.com/track/5WI2ltQIdwgzf1SNE76JyR?si=43fiuHsbSiiBEhPt5gNNRg
Say It,Flume (feat. Tove Lo),Skin,Electronic,https://open.spotify.com/track/5aOpzm8W8zysk4asB9hxJw?si=2sS76oUtTjeMxxn763LzLQ
Rushing Back,Flume,Rushing Back,Electronic,https://open.spotify.com/track/2zoNNEAyPK2OGDfajardlY?si=wfXT4JDlSx6_q-t7DqCVtw
Soundtrack 2 My Life,Kid Cudi,Man On The Moon: The End Of Day (Deluxe),Hip-Hop / Rap,https://open.spotify.com/track/0rFpcfF0YfvFUYsl99Bw9d?si=DKx2NMG0QuOjg3lzsqQr4w
Day 'N' Nite,Kid Cudi,Man On The Moon: The End Of Day (Deluxe),Hip-Hop / Rap,https://open.spotify.com/track/5wfllwdjglyQislkskYLBv?si=Kc_2CLw4TAeRjqqtEYPYxg
Man On The Moon,Kid Cudi,Man On The Moon: The End Of Day (Deluxe),Hip-Hop / Rap,https://open.spotify.com/track/78T9DulqSBWqkaxczcGBfk?si=Pg8sCacQRaqc3GBEwgPiUg
Pursuit of Happiness,Kid Cudi,Man On The Moon: The End Of Day (Deluxe),Hip-Hop / Rap,https://open.spotify.com/track/6MtKObWYda2qnNIpJI21uD?si=73Laan1RQf60YuLQCFcFSQ
Kids See Ghosts,Kid Cudi,Kids See Ghosts,Hip-Hop / Rap,https://open.spotify.com/track/2I3dW2dCBZAJGj5X21E53k?si=UM5QXNx9Qr6T8LcePnCe6g
Wake Me Up  ,Avicii,True (Bonus Edition),EDM,https://open.spotify.com/track/0nrRP2bk19rLc0orkWPQk2?si=pie53R1IQuey8MNko9xtWg
The Nights,Avicii,The Days / Nights,EDM,https://open.spotify.com/track/0ct6r3EGTcMLPtrXHDvVjc?si=a1TYra-mTmmqklUCRCUH_w
Waiting For Love,Avicii,Stories,EDM,https://open.spotify.com/track/2P4OICZRVAQcYAV2JReRfj?si=gE5eeg6TQKW3sM_IieuLJA
Without You,Avicii (feat. Sandro Cavazza),AVICI (01),EDM,https://open.spotify.com/track/6Pgkp4qUoTmJIPn7ReaGxL?si=mJVOs9ebR4ef3H0QvCbxqA
SOS,Avicii (feat. Aloe Blacc),TIM,EDM,https://open.spotify.com/track/2x0RZdkZcD8QRI53XT4GI5?si=ZotqI0z1SsW19BWoWdzPIw
Levels,Avicii,Levels,EDM,https://open.spotify.com/track/5UqCQaDshqbIk3pkhy4Pjg?si=7644kumiTsaaSvj8OwwD9g
Hey Brother,Avicii,True (Bonus Edition),EDM,https://open.spotify.com/track/4lhqb6JvbHId48OUJGwymk?si=DwOMmHscS06cDt9ogOXvvw
Old Town Road,Lil Nas X,7 EP,Country / Hip-Hop,https://open.spotify.com/track/0F7FA14euOIX8KcbEturGH?si=OAbqa-IJTeyBemYnjsXWow
Panini,Lil Nas X,Panini,Country / Hip-Hop,https://open.spotify.com/track/1000nHvUdawXuUHgBod4Wv?si=2woxveZ0QjOQEWX6gOHsqQ
Happier,Bastille (with Marshmello),Happier,Pop,https://open.spotify.com/track/2dpaYNEQHiRxtZbfNsse99?si=ecRsW4nXTTyEDIlN_FS59g
survivin',Bastille,survivin',Pop,https://open.spotify.com/track/1lwvJQGhdq6Kyr4BBquf23?si=Ih6aN4u5SOay-Nq-CEJoiA
Pompeii,Bastille,Bad Blood,Alternative Rock,https://open.spotify.com/track/3gbBpTdY8lnQwqxNCcf795?si=25bct_1uTAuNMV7l4aGzwA
ME!,Taylor Swift (feat. Brandon Urie),Lover ,Pop,https://open.spotify.com/track/2Rk4JlNc2TPmZe2af99d45?si=yQhdTEP8RW-zxmP4Go5esA
You Need To Calm Down,Taylor Swift,Lover ,Pop,https://open.spotify.com/track/6RRNNciQGZEXnqk8SQ9yv5?si=427T4CjORX6pEAlwQj9R3g
Love Story,Taylor Swift,Fearless,Pop,https://open.spotify.com/track/1D4PL9B8gOg78jiHg3FvBb?si=snU5abhERrK2TAjrkClQag
the 1,Taylor Swift,folklore,Pop,https://open.spotify.com/track/0Jlcvv8IykzHaSmj49uNW8?si=Hjrl9SGSRnW3KLuElNjk0w
cardigan,Taylor Swift,folklore,Pop,https://open.spotify.com/track/4R2kfaDFhslZEMJqAFNpdd?si=05EBmq_TQrKKuM9POQxBqA
The Man ,Taylor Swift,Lover ,Pop,https://open.spotify.com/track/3RauEVgRgj1IuWdJ9fDs70?si=iI54sGeuTOem00J6K0Im8g
Blank Space,Taylor Swift,1989,Pop,https://open.spotify.com/track/1p80LdxRV74UKvL8gnD7ky?si=Zrr2lPC9QN-7smOdYyN1aQ
7 rings,Ariana Grande,thank u next,Pop,https://open.spotify.com/track/6ocbgoVGwYJhOv1GgI9NsF?si=OM48h60jRmqgady55_NiOg
thank u next,Ariana Grande,thank u next,Pop,https://open.spotify.com/track/3e9HZxeyfWwjeyPAMmWSSQ?si=TrKTrbFsQ-O-NNLJTVJb_Q
Stuck with U,Ariana Grande (feat. Justin Bieber),Stuck with U (feat. Justin Bieber),Pop,https://open.spotify.com/track/4HBZA5flZLE435QTztThqH?si=_RQSAro-TcKulFvX-1t_7g
positions,Ariana Grande,Positions,Pop,https://open.spotify.com/track/35mvY5S1H3J2QZyna3TFe0?si=8v0qtagJS9-CUXe-YLJjbQ
On My Own,Jaden,ERYS,Hip-Hop,https://open.spotify.com/track/4D1eVq5AUILwjg3tAe7o6M?si=uk807f6QSvi5yzerYLtD1g
Icon,Jaden,SYRE,Hip-Hop,https://open.spotify.com/track/22nyEAEM29tcBRhukR089b?si=rxyuOAu9SQWDJukzWuTwoA
Summertime In Paris,Jaden,ERYS,Hip-Hop,https://open.spotify.com/track/6XNANAB7sFvkfho6bMCp7o?si=cL7ltPXfRxi7nnwnlOcykA
Ninety,Jaden,SYRE,Hip-Hop,https://open.spotify.com/track/2jdw2tc29bqJwToyGvKgJm?si=O81DgwrMTUmSpBrm5vkaOw
SOHO,Jaden,The Sunset Tapes: A Cool Tape Story,Hip-Hop,https://open.spotify.com/track/0gf2y5doKjsYaZJJZif4vz?si=Y_YzWxUtSIu3ERbQVBzOTw
Jocelyn Flores,XXXTENTACION,17,Emo Rap,https://open.spotify.com/track/7m9OqQk4RVRkw9JJdeAw96?si=Y-bOW4CaTc-uvdytpEInyw
SAD!,XXXTENTACION,?,Emo Rap,https://open.spotify.com/track/3ee8Jmje8o58CHK66QrVC2?si=JOoRqacuTMSH21lmH7qx3Q
Moonlight,XXXTENTACION,?,Emo Rap,https://open.spotify.com/track/0JP9xo3adEtGSdUEISiszL?si=Yv-_taYbQaqBj1wKmbIP9w
Lisztomania,Phoenix,Wolfgang Amadeus Phoenix,Pop Rock,https://open.spotify.com/track/7hwcojGiRqYm100tSmpZE3?si=KhsBdoFpQluDonv-jHowzg
Wonder,Shawn Mendes,Wonder,Pop  ,https://open.spotify.com/track/5KCbr5ndeby4y4ggthdiAb?si=7PzZ_i-nRnGjNCpe_VwHpg
Senorita,Shawn Mendes (with Camila Cabello),Shawn Mendes (Deluxe),Pop  ,https://open.spotify.com/track/6v3KW9xbzN5yKLt9YKDYA2?si=qZZ5lyCESQihp4AhVgFovA
Treat You Better,Shawn Mendes,Illuminate,Pop  ,https://open.spotify.com/track/3QGsuHI8jO1Rx4JWLUh9jd?si=HQOweeMgQy6Lh7E84gFVkQ
There's Nothing Holdin' Me Back,Shawn Mendes,Illuminate,Pop  ,https://open.spotify.com/track/3bBknFVxhFjBIFX91HcneQ?si=GHrsqSfnQoG3ru6YwMS5OA
Stitches,Shawn Mendes,Handwritten,Pop  ,https://open.spotify.com/track/5jsw9uXEGuKyJzs0boZ1bT?si=xqOP8ZkpT2OFxGfYpSg9og
HUMBLE.,Kendrick Lamar,DAMN.,Hip-Hop,https://open.spotify.com/track/7KXjTSCq5nL1LoYtL7XAwS?si=zoL6A2h1Qf-BdEpPWMrjiA
All The Stars,Kendrick Lamar (with SZA),Black Panther The Album Music,Hip-Hop,https://open.spotify.com/track/3GCdLUSnKSMJhs4Tj6CV3s?si=3AEz-p0CSGCjtqKzpA5c1A
DNA.,Kendrick Lamar,DAMN.,Hip-Hop,https://open.spotify.com/track/6HZILIRieu8S0iqY8kIKhj?si=pQQlQlktR5676OycfwTffA
LOVE.FEAT.ZACARI.,Kendrick Lamar,DAMN.,Hip-Hop,https://open.spotify.com/track/6PGoSes0D9eUDeeAafB2As?si=NisGdMjhSo6_JWmxz-y78w
Low ,Flo Rida (with T-Pain),Mail On Sunday,Hip-Hop / Dance,https://open.spotify.com/track/0CAfXk7DXMnon4gLudAp7J?si=QW5LXzckTqeANRYMQ7a4HQ
Whistle,Flo Rida,Wild Ones,Hip-Hop / Dance,https://open.spotify.com/track/3bC1ahPIYt1btJzSSEyyrF?si=wEMl8M0ZTiyR3tyyDQgPVw
Good Feeling,Flo Rida,Wild Ones,Hip-Hop / Dance,https://open.spotify.com/track/2LEF1A8DOZ9wRYikWgVlZ8?si=wjpVcjheTF67sdvKAddsrQ
My House,Flo Rida,My House,Hip-Hop / Dance,https://open.spotify.com/track/6Knv6wdA0luoMUuuoYi2i1?si=HdsLL-IYT0iIeMp5zGpYtQ
Club Can't Handle Me ,Flo Rida (feat. David Guetta),Only One Flo (Part 1),EDM,https://open.spotify.com/track/6ebkx7Q5tTxrCxKq4GYj0Y?si=yHv6GmyeSIGAR3-fO4QUVA
Black Beatles,Rae Sremmurd,SremmLife 2 (Deluxe),Alternative Rock,https://open.spotify.com/track/6fujklziTHa8uoM5OQSfIo?si=Y-KVyCm5Tf6jF00COxy5ug
Unforgettable,Swae Lee,Jungle Rules ,Hip-Hop ,https://open.spotify.com/track/3B54sVLJ402zGa6Xm4YGNe?si=zp8ZU0_uT2it8m0dxaskqQ
Powerglide,Swae Lee (feat. Juicy J),S3MM,Hip-Hop / Dance,https://open.spotify.com/track/1BuZAIO8WZpavWVbbq3Lci?si=3h6ot-M4SZ6e62TA8wh2rw
Shelter,Madeon,Shelter,Electronic,https://open.spotify.com/track/2CgOd0Lj5MuvOqzqdaAXtS?si=zQsS_TN2R5q8ZRHCxg0Fxg
The Prince,Madeon,The Prince,Electronic,https://open.spotify.com/track/5MT2w1BexEAWjJ62OOHE6q?si=v0LzRp7wR8mNB_-bWY6Cqg
All My Friends,Madeon,Good Faith,Electronic,https://open.spotify.com/track/3ArdPRbscsYB2uI70AzpuG?si=6h-MZSRFQiSiq2XqJaAqWw
Finale,Madeon (feat. Nicholas Petricca),Adventure (Deluxe),Electronic,https://open.spotify.com/track/4ATmY1hv93ehw77LrIdbEh?si=Evmyzso3SJqZoFdWg7XT5A
Pay No Mind,Madeon (feat. Passion Pit),Adventure (Deluxe),Electronic,https://open.spotify.com/track/3rsq3qtqNBId48c0IVraTS?si=3JTM1CTCRdqmWOEXG7DzVw
The Diary Of Jane,Breaking Benjamin,Phobia,Rock  ,https://open.spotify.com/track/0faXHILILebCGnJBPU6KJJ?si=ibARpnr2Qvi8SSMlkqizeA
I Will Not Bow,Breaking Benjamin,Dear Agony,Rock  ,https://open.spotify.com/track/2yXyz4NLTZx9CLdXfLTp5E?si=2AKYeUOPSD60JoaHfnKTBw
Angels Fall,Breaking Benjamin,Dark Before Dawn,Rock  ,https://open.spotify.com/track/2D9BrlpeyjXF0vli2dYQ5V?si=yvB43RR_RdW4za2sN_Ln-A
Scared to Be Lonely,Martin Garrix ,Scared to Be Lonely,Electronic,https://open.spotify.com/track/3ebXMykcMXOcLeJ9xZ17XH?si=OAiNzj3vQLifMeCDYM33Zw
In the Name of Love,Martin Garrix (with Bebe Rexha),In the Name of Love,Electronic,https://open.spotify.com/track/23L5CiUhw2jV1OIMwthR3S?si=OPPX0kvuSKqg4AX2X9aZDw
High On Life,Martin Garrix (feat. Bonn),High On Life (feat. Bonn),Electronic,https://open.spotify.com/track/4ut5G4rgB1ClpMTMfjoIuy?si=tCoGbiwST_Sqn93DDNFFgw
Ocean,Martin Garrix (feat. Khalid),Ocean (feat. Khalid),Electronic,https://open.spotify.com/track/3nc420PXjTdBV5TN0gCFkS?si=nKshPo2aQX2w90WkUDhYOg
There For You,Martin Garrix (with Usher),There For You,Electronic,https://open.spotify.com/track/6jA8HL9i4QGzsj6fjoxp8Y?si=D2E7e_JfQa-v7knvskHjTQ
Don’t Look Down,Martin Garrix (with Troye Sivan),Don’t Look Down (feat. Usher) ,Electronic,https://open.spotify.com/track/5M9jOReAKGZ2AttVefFjTY?si=Wus3kL7oShSsXs6OqwVoIA
Carnival of Rust,Poets of the Fall,Carnival of Rust,Rock,https://open.spotify.com/track/2DtPEKs3Pj7E06EoWW4vw8?si=qZ32L76kQCmRgCI-yetz8Q
My Dark Disquiet,Poets of the Fall,Ultraviolet,Rock,https://open.spotify.com/track/2eCqaqKJQd0Gc5k9O2peCH?si=lcFNmgPbSXq0UfHNEz6W5w
War,Poets of the Fall,Twilight Theater,Rock,https://open.spotify.com/track/68zo0Yd3NayeXQmgElmx1h?si=uNUt7Hf0R-KYRhANs4HedQ
Lift,Poets of the Fall,Signs of Life,Rock,https://open.spotify.com/track/1HZrlGSsrTLKIYkklOvi4B?si=aUxp3PxoRQGs6Wjmrcnkdw
Locking Up the Sun,Poets of the Fall,Carnival of Rust,Rock,https://open.spotify.com/track/1jEPdLuyYDSTRJTuCP9Gpg?si=ApWeA3NOSrSnLTcvckVWvQ
Chop Suey!,System of a Down,Toxicity,Metal,https://open.spotify.com/track/2DlHlPMa4M17kufBvI2lEN?si=FkfieBv2SwCtWUgveTtyhA
Toxicity,System of a Down,Toxicity,Metal,https://open.spotify.com/track/0snQkGI5qnAmohLE7jTsTn?si=bBeTmbyURl21THobxD_XRQ
B.Y.O.B,System of a Down,Mezmerize,Metal,https://open.spotify.com/track/0EYOdF5FCkgOJJla8DI2Md?si=vUsMstmdQK694z-uYuwOTw
Apocalypshit,Molotov,Apocalypshit,Rock ,https://open.spotify.com/track/6vbJSbJelh7O22RnsdfouI?si=WYqIIe9aQ1SWa0IQcFfjeQ
Gimme Tha Power,Molotov,¿Dónde Jugarán las Niñas?,Rock ,https://open.spotify.com/track/6grtIVjVPuZWup0fIXF900?si=j7jJiFEHTzKQ9WG8clCIvw
Yeah!,Usher (feat. Lil Jon & Ludacris),Confessions (Expanded Edition),Pop,https://open.spotify.com/track/5rb9QrpfcKFHM1EUbSIurX?si=8IHV2Ee7Sd-zH0-a9Ve-gw
My Boo,Usher,Confessions (Expanded Edition),Pop,https://open.spotify.com/track/68vgtRHr7iZHpzGpon6Jlo?si=0JcHp-CDRL-oIb7SNvP-LA
DJ Got Us Fallin' In Love,Usher (feat. Pitbull),Raymond v Raymond (Expanded Edition),Pop,https://open.spotify.com/track/4356Typ82hUiFAynbLYbPn?si=pOFJEe8_TyqUll7f4iA4Jg
Down,Jay Sean,All Or Nothing,Pop,https://open.spotify.com/track/7LP4Es66zdY7CyjepqmvAg?si=sECElOn9QLGE8P6F_QgnCw
Do You Remember,Jay Sean,All Or Nothing,Pop,https://open.spotify.com/track/7yws3pF3FFguwT2Psi6c15?si=UPxselglR-eG9wU1KKWUsA
Make My Love Go,Jay Sean (feat. Sean Paul),Make My Love Go (feat. Sean Paul),Pop,https://open.spotify.com/track/2di4loru09xsyMBDG9ainC?si=m4732D-NTj6pNw5y4mj1jQ
2012 (It Ain't The End),Jay Sean,2012 (It Ain't The End),Pop,https://open.spotify.com/track/1ERCOXHQcoLSTlgmNTlcrR?si=_kjd6bJ0TaqBlmaoHO2c8A
Remember the Name ,Fort Minor (feat. Styles of Beyond),The Rising Tied,Rock,https://open.spotify.com/track/6ndmKwWqMozN2tcZqzCX4K?si=lZVt3D11R3yv1nTHlKjXHQ
Temperature,Sean Paul,The Trinity,Hip-Hop / Pop,https://open.spotify.com/track/0k2GOhqsrxDTAbFFSdNJjT?si=sqODcycITLijXKRD7YTosw
No Lie,Sean Paul,Mad Love The Prequel,Hip-Hop / Pop,https://open.spotify.com/track/48QmG1dfvMuYLxMPt7KSRA?si=hIHlYHpoR--b1bSiAcF9Xg
Mad Love,Sean Paul,Mad Love The Prequel,Hip-Hop / Pop,https://open.spotify.com/track/4dSoDnmR9opAQ8KxUc9SbC?si=zPMh-69JT0OjI5iOkjGC8w
Get Busy,Sean Paul,Dutty Rock,Hip-Hop / Pop,https://open.spotify.com/track/5qTvkDrSfvwDv6RBjjcfQr?si=H5gIK4-8RHWXjAYaIRVkqw
Solo Dance,Martin Jensen,Solo Dance,Pop,https://open.spotify.com/track/3hRi7ubt1NhroxTrdnjn4w?si=tRD-fYr7QMSRJU30NW3W2w
Nobody,Martin Jensen,Nobody,Pop,https://open.spotify.com/track/2qfEcCkEo5NscA9GL7ER72?si=u3FoOYzYROKLK_vC3F1Cuw
Middle Of The Night,Martin Jensen,Night & Day (Night Edition),Pop,https://open.spotify.com/track/74vs7PD7iG2GnWUGnb8Yuq?si=Spx4mQcXQGaJBtWL349Grw
Miracles,Martin Jensen,Miracles,Pop,https://open.spotify.com/track/4DSLGZ3IjeIcTTU1EZoSzB?si=Km_-oxOkRmSUbuwPuzFsaQ
Waiting For Superman,Daughtry,Baptized (Deluxe Version),Alternative Rock,https://open.spotify.com/track/4AU7z13HYmPMetlWbq1mys?si=ZE4grVtHSHWUB2tXiuJEPg
Over You,Daughtry,Daughtry (Deluxe Edition),Alternative Rock,https://open.spotify.com/track/2R5uY1gbIKzGB1yAOH067s?si=oZVS3aVDQ4aiQhKukXgTRw
It's Not Over,Daughtry,Daughtry (Deluxe Edition),Alternative Rock,https://open.spotify.com/track/234RqTZmnDTnxWlVciXHLD?si=tU_zduLdQU63Cl-2qZVmuA
Home,Daughtry,Daughtry (Deluxe Edition),Alternative Rock,https://open.spotify.com/track/2mobr1UlKjhxDTOVqng3jw?si=7p7Xvx5xTay7O_qO8B3MCw
No Surprise,Daughtry,Leave This Town,Alternative Rock,https://open.spotify.com/track/04Sl2hULaCVM7Iw8kzXPHN?si=4QhEnHkyQimLbOBu6zr69w
Takeaway,Illenium (with the Chainsmokers),World War Joy,Electronic / Pop,https://open.spotify.com/track/3g0mEQx3NTanacLseoP0Gw?si=3z5OY41VQeaE2ZWPdrA9iA
Good Things Fall Apart,Illenium  (with Jon Bellion),ASCEND,Electronic / Pop,https://open.spotify.com/track/3LxG9HkMMFP0MZuiw3O2rF?si=rWGZYLZZQfGW_SURf11HrQ
Feel Good,Illenium  (feat. Daya),Awake,Electronic / Pop,https://open.spotify.com/track/0Ev562zA4pmUsBqjxsxxdx?si=OL-DmWyYTryfUdw_Mk_L8g
In Your Arms,Illenium  (with X Ambassadors),ASCEND,Electronic / Pop,https://open.spotify.com/track/70YPzqSEwJvAIQ6nMs1cjY?si=7wfCmACmS3C5OYeRzOS69g
No Time Like Now,Illenium  ,Awake,Electronic / Pop,https://open.spotify.com/track/2uA2UMcHR5gztUSECJjK8k?si=kdbGmygrTIqnpBmb7rgrQQ
Fractures,Illenium  (feat. Nevve),Awake,Electronic / Pop,https://open.spotify.com/track/4G3IXyVRxSx5lLhUvv3fu3?si=99kj-hkWQg6mdW44BQII_A
Leaving,Illenium  ,Awake,Electronic / Pop,https://open.spotify.com/track/5XlvOh5YbJMp7CU3NoksNf?si=bsSFFuj9TsW48DpnabD52w
Taking Me Higher,Illenium  ,Awake,Electronic / Pop,https://open.spotify.com/track/1bI9jePC8sxwC8wGtCDCqR?si=QGpakbpfQd6U7hdvgRaO3Q
Take You Down,Illenium  ,Take You Down,Electronic / Pop,https://open.spotify.com/track/0n30h31bEKiIHXXzPbkdqy?si=n0VJMgY0STit_dyRK1DUcg
It Ain't Me,Kygo (with Selena Gomez),It Ain't Me,Electronic / Pop,https://open.spotify.com/track/12GEpg2XOPyqk03JZEZnJs?si=vJ_l35XFR_m24e_BtZGidw
Happy Now,Kygo (with Sandro Cavazza),Happy Now,Electronic / Pop,https://open.spotify.com/track/14sOS5L36385FJ3OL8hew4?si=relAlgLMTsa5v1tOzSXLtg
Remind Me to Forget,Kygo (with Miguel),Remind Me to Forget,Electronic / Pop,https://open.spotify.com/track/5sIx4BlfYGuZeSLF40N9GH?si=WRZRsFr2TYadOvjLzySHOA
Like It Is,Kygo (with Zara Larsson and Tyga),Like It Is,Electronic / Pop,https://open.spotify.com/track/3frUvGrmGcay91lvFbOgsN?si=DD8ECLBqTDKtFT00ZOMFmQ
Firestone,Kygo,Clod Nine,Electronic / Pop,https://open.spotify.com/track/1I8tHoNBFTuoJAlh4hfVVE?si=lgLbZ6lWT0yAh8zoyqBp1w
Higher Love,Kygo,Golden Hour,Electronic / Pop,https://open.spotify.com/track/1kKYjjfNYxE0YYgLa7vgVY?si=RE8XMdnVQMy1276ALS173A
Lose Somebody,Kygo,Golden Hour,Electronic / Pop,https://open.spotify.com/track/1sgDyuLooyvEML4oHspNza?si=2GLk5neFRNqB9yCBJQ-osw
Ten Feet Tall,Afrojack,Forget The World,House,https://open.spotify.com/track/2ldAdghnrO34HPcZ0IWfTu?si=TuxntDxHRx6gEXowcdbIKg
No Rest,Lil Skies,No Rest,Emo Rap / Pop,https://open.spotify.com/track/0chpIFSjgfd1CPrAxM7PWp?si=EqcCVbLjRJO7qUKaB3pnrA
Nowadays,Lil Skies,Life of a Dark Rose,Emo Rap / Pop,https://open.spotify.com/track/2u7mxWSeoqTXndK5e08jMp?si=IfCa99aFTRaKgntmWTFb5w
Red Roses,Lil Skies,Life of a Dark Rose,Emo Rap / Pop,https://open.spotify.com/track/3ZhTT6yjZwpPph5MIJ53XY?si=lR4Xb63qQIqE_J215dwmvQ
Creeping,Lil Skies (feat. Rich The Kid),Creeping (feat. Rich The Kid),Emo Rap / Pop,https://open.spotify.com/track/7ms3VzLTfr7fXNOqA4Mkx9?si=Jfl_0pUHSE2yTOS8yAKZUg
Lust,Lil Skies,Life of a Dark Rose,Emo Rap / Pop,https://open.spotify.com/track/7oJrVhiTPZGBXWPwhxjy9S?si=xRW9VwSVQJyAlTujpV_GgA
I,Lil Skies,Shelby,Emo Rap / Pop,https://open.spotify.com/track/4ZT9FnbFu1PaBfV3itxiqT?si=sISSB_HsSwynxsYm3PkYJg
Sky Walker,Miguel (feat. Travis Scott),War & Leisure,R&B   ,https://open.spotify.com/track/5WoaF1B5XIEnWfmb5NZikf?si=Kw3qcK0tRDS4YlOZuxB-tg
Come Through and Chill,Miguel (feat. J. Cole & Salaam Remi),War & Leisure,R&B   ,https://open.spotify.com/track/1m8WpLYXEiNVZchsWEcCSy?si=T-vyf0ysT3SHKzoF3YUYIQ
Sure Thing,Miguel,All I Want Is You,R&B   ,https://open.spotify.com/track/0JXXNGljqupsJaZsgSbMZV?si=JqWzALtkS4uoXORNYvLUuw
Adorn,Miguel,Kaleidoscope Dream,R&B   ,https://open.spotify.com/track/25cUhiAod71TIQSNicOaW3?si=UuD_Rc6pTeuxC0WlX40pWA
leaves,Miguel,Wildheart (Deluxe),R&B   ,https://open.spotify.com/track/4yPnPn9UENvl7KntadUiKS?si=J4-3KG0qStG8QsR1i7aNTg
Hate Me,Ellie Goulding (with Juice WRLD),Brightest Blue,Pop,https://open.spotify.com/track/15og0pCEcTFWEXOFKdcJlU?si=Yh1FCMtLSoS4AJvNlfdRWw
Love Me Like You Do,Ellie Goulding,Delirium (Deluxe),Pop,https://open.spotify.com/track/3zHq9ouUJQFQRf3cm1rRLu?si=2bXsurySQO2mFtq4MeboJQ
Close To Me,Ellie Goulding,Brightest Blue,Pop,https://open.spotify.com/track/2GjMaJ7DacMIkgoe8oMXGg?si=nSAVAkQ6ShmJ-UUyT1DMcQ
Sixteen,Ellie Goulding,Brightest Blue,Pop,https://open.spotify.com/track/6p6KdVpfKtTMisH5VfWqsL?si=gEOUI0-IQXeh0Buc5DbTYg
See You Again,Wiz Khalifa (with Charlie Puth),See You Again (with Charlie Puth),Hip-Hop ,https://open.spotify.com/track/2JzZzZUQj3Qff7wapcbKjc?si=PdGC5MB3TfePuerEiPLFYw
Young Wild & Free,Wiz Khalifa (with Bruno Mars),Mac And Devin Go to High School,Hip-Hop ,https://open.spotify.com/track/6YbhspuOar1D9WSSnfe7ds?si=f-0zQpTUQk2TJRtIHD07DQ
Black and Yellow,Wiz Khalifa,Rolling Papers,Hip-Hop ,https://open.spotify.com/track/5A6OHHy73AR5tLxgTc98zz?si=fzpu9SDIQWS2Yks9i716yg
Still D.R.E.,Dr. Dre,2001,Rap,https://open.spotify.com/track/503OTo2dSqe7qk76rgsbep?si=SPehWql-Qn21s_ue4Gv5cw
The Next Episode,Dr. Dre,2001,Rap,https://open.spotify.com/track/4LwU4Vp6od3Sb08CsP99GC?si=e9p4ZFyiTv-ZiF3qOwvUAA
Forgot About Dre,Dr. Dre,2001,Rap,https://open.spotify.com/track/7iXF2W9vKmDoGAhlHdpyIa?si=Q78N2DbrQbqnk9pAW1tqMQ
"Nuthin' But A ""G"" Thang",Dr. Dre,The Chronic,Rap,https://open.spotify.com/track/4YtoipFgf4k0AfD17ZfD5X?si=WhpOIr-0SqSNFd1TZTIKWw
Mood,iann dior and 24kGoldn,Mood (feat. iann dior),Hip-Hop / Pop,https://open.spotify.com/track/3tjFYV6RSFtuktYl3ZtYcq?si=NQzFc_uwT-K0i8ZkOEcsXQ
emotions,iann dior,nothings ever good enough,Hip-Hop / Pop,https://open.spotify.com/track/5ls62WNKHUUrdF3r1cv83T?si=K0zF2PC2Trq9gMUJLCvX4w
gone girl,iann dior,Industry Plant,Hip-Hop / Pop,https://open.spotify.com/track/3iH29NcCxYgI5shlkZrUoB?si=zxZ16D9USEaTXifyAjINDA
molly,iann dior,nothings ever good enough,Hip-Hop / Pop,https://open.spotify.com/track/0q0Vsy1SHdUSrR7TJGNAVn?si=LQ7jRZGgRvqOkY1bIByslQ
Feel So Close,Calvin Harris,18 Months,Dance,https://open.spotify.com/track/1gihuPhrLraKYrJMAEONyc?context=spotify%3Aplaylist%3A37i9dQZF1DX5wLEUgIR5Wy&si=lEgpjjt6R_eyphpC46Ol8A
My Way,Calvin Harris,My Way,Dance,https://open.spotify.com/track/1vvNmPOiUuyCbgWmtc6yfm?context=spotify%3Aplaylist%3A37i9dQZF1DX5wLEUgIR5Wy&si=AShM7DB7RymkC3DfdfLCJw
Under Control,Calvin Harris,Motion,Dance,https://open.spotify.com/track/4J7CKHCF3mdL4diUsmW8lq?context=spotify%3Aplaylist%3A37i9dQZF1DX5wLEUgIR5Wy&si=arpl74RRR9mCq_pFpzyTHg
Summer ,Calvin Harris,Motion,Dance,https://open.spotify.com/track/6YUTL4dYpB9xZO5qExPf05?context=spotify%3Aplaylist%3A37i9dQZF1DX5wLEUgIR5Wy&si=nFOqkVnjT7iAGtoPbhqK0A
We'll Be Coming Back,Calvin Harris,18 Months,Dance,https://open.spotify.com/track/7B1Dl3tXqySkB8OPEwVvSu?context=spotify%3Aplaylist%3A37i9dQZF1DX5wLEUgIR5Wy&si=H2uT8wi2Rs61kjHSQS4foA
Attention,Charlie Puth,Voicenotes,Pop,https://open.spotify.com/track/5cF0dROlMOK5uNZtivgu50?si=tp2s51VeROSdSVPbR2vREA
We Don't Talk Anymore,Charlie Puth (feat. Selena Gomez),Nine Track Mind,Pop,https://open.spotify.com/track/37FXw5QGFN7uwwsLy8uAc0?si=xDMOsofVSPqpiZIM0yVPsQ
One Call Away,Charlie Puth,Nine Track Mind,Pop,https://open.spotify.com/track/7soJgKhQTO8hLP2JPRkL5O?si=AqBbQ0xpSkibJa8vOGEaVQ
Marvin Gaye,Charlie Puth (feat. Meghan Trainor),Nine Track Mind,Pop,https://open.spotify.com/track/7rl1z4j7MurMDnn9rHh4M2?si=ciEpg3CnS8-2gJvr5HvW5A
How Long,Charlie Puth,Voicenotes,Pop,https://open.spotify.com/track/6wmAHw1szh5RCKSRjiXhPe?si=fHr09odRQKit7p-hEGB0DQ
That's What I Like,Bruno Mars,24K Magic,Pop / R&B,https://open.spotify.com/track/0KKkJNfGyhkQ5aFogxQAPU?si=U3dlE9n2S3WD9u4uPl3FAA
Just the Way You Are,Bruno Mars,Doo-Wops & Hooligans,Pop / R&B,https://open.spotify.com/track/7BqBn9nzAq8spo5e7cZ0dJ?si=friR07C_SCqrJ9bGKOzmlA
24K Magic,Bruno Mars,24K Magic,Pop / R&B,https://open.spotify.com/track/6b8Be6ljOzmkOmFslEb23P?si=LQsc3Ug-TpmLMO68H6uKsA
Talking to the Moon,Bruno Mars,Doo-Wops & Hooligans,Pop / R&B,https://open.spotify.com/track/161DnLWsx1i3u1JT05lzqU?si=bVQdbs_jS_uY6q6Rm2Hbcg
Treasure,Bruno Mars,Unorthodox Jukebox,Pop / R&B,https://open.spotify.com/track/55h7vJchibLdUkxdlX3fK7?si=_cKqBxRxR2SZNfXnsCwISQ
Grenade,Bruno Mars,Doo-Wops & Hooligans,Pop / R&B,https://open.spotify.com/track/2tJulUYLDKOg9XrtVkMgcJ?si=pBNnUT6MReGQAY3kB_y5lA
Wake Up in the Sky,Bruno Mars,Evil Genius,Pop / R&B,https://open.spotify.com/track/2G1tXoGBaEMJ7FKGnkf6ud?si=Vf_KJY8bRXOd8Lxt0b8WYQ
The Lazy Song ,Bruno Mars,Doo-Wops & Hooligans,Pop / R&B,https://open.spotify.com/track/1ExfPZEiahqhLyajhybFeS?si=ZF_7OQyUTxyG4pGRYTzcvw
When I Was Your Man,Bruno Mars,Unorthodox Jukebox,Pop / R&B,https://open.spotify.com/track/0nJW01T7XtvILxQgC5J7Wh?si=u6N7POMiRyWSwfLN_8vkuw
Locked out of Heaven,Bruno Mars,Unorthodox Jukebox,Pop / R&B,https://open.spotify.com/track/3w3y8KPTfNeOKPiqUTakBh?si=1D6_zn4XSQ2PGkWSRNYKGg
Believer,Imagine Dragons ,Evolve,Pop / Alternative Rock,https://open.spotify.com/track/0pqnGHJpmpxLKifKRmU6WP?si=ZJhrUapuQrKgzD6j0qonAg
Thunder ,Imagine Dragons ,Evolve,Pop / Alternative Rock,https://open.spotify.com/track/1zB4vmk8tFRmM9UULNzbLB?si=Ou3P0MpASxikNpuVElw09w
Bad Liar,Imagine Dragons ,Origins (Deluxe),Pop / Alternative Rock,https://open.spotify.com/track/2RSHsoi04658QL5xgQVov3?si=Y7y75LwBQSefJro9e0jyWw
Natural,Imagine Dragons ,Origins (Deluxe),Pop / Alternative Rock,https://open.spotify.com/track/2FY7b99s15jUprqC0M5NCT?si=curlph6ETUewjK-oYdYbZA
Demons,Imagine Dragons ,Night Visions (Deluxe),Pop / Alternative Rock,https://open.spotify.com/track/3LlAyCYU26dvFZBDUIMb7a?si=KR49KyAHSH6g7mjoLrt36g
Radioactive,Imagine Dragons ,Night Visions (Deluxe),Pop / Alternative Rock,https://open.spotify.com/track/4G8gkOterJn0Ywt6uhqbhp?si=Z2ZhEASVT5W4eEtrU-jA6g
Sucker for Pain,Imagine Dragons ,Sucker for Pain (with Logic & Ty Dolla $ign feat. X Ambassadors),Pop / Alternative Rock,https://open.spotify.com/track/4dASQiO1Eoo3RJvt74FtXB?si=zzrjrWaVSaiK_8S5vt9slw
On Top of the World ,Imagine Dragons ,Night Visions (Deluxe),Pop / Alternative Rock,https://open.spotify.com/track/6KuHjfXHkfnIjdmcIvt9r0?si=Iesa7g7YRPKhHVEL22vqxQ
It's Time,Imagine Dragons ,Night Visions (Deluxe),Pop / Alternative Rock,https://open.spotify.com/track/6BtmXhTJMM9sBTHeYYASGz?si=8jWh1IpXS_Gddwsrx_sTDw
Stressed Out ,Twenty One Pilots,Blurryface,Alternative Rock,https://open.spotify.com/track/3CRDbSIZ4r5MsZ0YwxuEkn?si=fnrLVZyqQUiD0_zOsGQ0jg
Ride,Twenty One Pilots,Blurryface,Alternative Rock,https://open.spotify.com/track/2Z8WuEywRWYTKe1NybPQEW?si=AEoBwJJGSdqOKMH6ZZKtww
Heathens ,Twenty One Pilots,Heathens (from Suicide Squad),Alternative Rock,https://open.spotify.com/track/6i0V12jOa3mr6uu4WYhUBr?si=Cgi09akITPaK62hKQkWxPA
Chlorine,Twenty One Pilots,Trench,Alternative Rock,https://open.spotify.com/track/23OXdR7YuUBVWh5hSnYJau?si=vQvwF3HRRua8mxjQwAVlNQ
Tear in My Heart,Twenty One Pilots,Blurryface,Alternative Rock,https://open.spotify.com/track/3bnVBN67NBEzedqQuWrpP4?si=SdC4ytWIRhSsd3rV-cc_EA
Car Radio,Twenty One Pilots,Vessel,Alternative Rock,https://open.spotify.com/track/5cbpoIu3YjoOwbBDGUEp3P?si=PDGmqZ00TwmVV3-tVikCrQ
Heavydirstysoul,Twenty One Pilots,Blurryface,Alternative Rock,https://open.spotify.com/track/7i9763l5SSfOnqZ35VOcfy?si=FDASCMV5RAutJZZ-I9wqjg
Bad Things ,Machine Gun Kelly (with Camila Cabello),bloom,Rap Rock,https://open.spotify.com/track/1PSBzsahR2AKwLJgx8ehBj?si=TPIZG1rQSw234UVywyHAmQ
my ex's best friend ,Machine Gun Kelly (with blackbear),Tickets To My Downfall,Rap Rock,https://open.spotify.com/track/7kDUspsoYfLkWnZR7qwHZl?si=UT8-B9i2TQG61EhcvYMfZA
forget me too,Machine Gun Kelly (feat. Halsey),Tickets To My Downfall,Rap Rock,https://open.spotify.com/track/1VSuFS7PahCN3SWbOcQ98m?si=09K0hQitQi2vuwt0x9h1jA
I Think I'm OKAY,Machine Gun Kelly (with YUNGBLUD & Travis Barker),Hotel Diablo,Rap Rock,https://open.spotify.com/track/2gTdDMpNxIRFSiu7HutMCg?si=1dMBzRwGTNyWA4p6r4m38g
Candy  ,Machine Gun Kelly (feat. Trippie Redd),Hotel Diablo,Rap Rock,https://open.spotify.com/track/37AGgp9VP8TVJBfEat74Bj?si=hbtLCJTWT_qq0j08g0jfOg
Don't Start Now,Dua Lipa,Future Nostalgia,Pop / Dance,https://open.spotify.com/track/3PfIrDoz19wz7qK7tYeu62?si=HBAm_gp6TnW2DcH4RWwv4Q
Break My Heart,Dua Lipa,Future Nostalgia,Pop / Dance,https://open.spotify.com/track/017PF4Q3l4DBUiWoXk4OWT?si=xbfZTRVySFCHvaD3IVJSEg
One Kiss,Dua Lipa (with Calvin Harris),One Kiss (with Dua Lipa),Pop / Dance,https://open.spotify.com/track/7ef4DlsgrMEH11cDZd32M6?si=KbdD4t6TSWa2H6_oshjkBg
Physical,Dua Lipa,Future Nostalgia,Pop / Dance,https://open.spotify.com/track/3AzjcOeAmA57TIOr9zF1ZW?si=86TGpPcaQryoUehXZY1Jsg
New Rukes,Dua Lipa,Dua Lipa (Deluxe),Pop / Dance,https://open.spotify.com/track/2ekn2ttSfGqwhhate0LSR0?si=BMlD2rzaTLu--EsVqia4VA
IDGAF,Dua Lipa,Dua Lipa (Deluxe),Pop / Dance,https://open.spotify.com/track/76cy1WJvNGJTj78UqeA5zr?si=Xo5_Q1QqSEahm6LmJhijQw
New Light,John Mayer,New Light,Pop / Soft Rock,https://open.spotify.com/track/3bH4HzoZZFq8UpZmI2AMgV?si=Be0Xi3d7SsCOtd1nucPnNQ
Your Body is a Wonderland,John Mayer,Room For Squares,Pop / Soft Rock,https://open.spotify.com/track/7vFv0yFGMJW3qVXbAd9BK9?si=jQepaqouQmWLq-e37mrung
Slow Dancing in a Burning Room,John Mayer,Continuum,Pop / Soft Rock,https://open.spotify.com/track/2jdAk8ATWIL3dwT47XpRfu?si=ZY_mp8hdTpWdJFIXKrhj_Q
Waiting On the World to Change,John Mayer,Continuum,Pop / Soft Rock,https://open.spotify.com/track/5imShWWzwqfAJ9gXFpGAQh?si=hvZaK7aaTdCnsPJydEk3fg
Free Fallin',John Mayer,Where the Light Is,Pop / Soft Rock,https://open.spotify.com/track/4LloVtxNZpeh7q7xdi1DQc?si=MAlCGwLmQ6CkKYE7BxrbUg
Gravity ,John Mayer,Continuum,Pop / Soft Rock,https://open.spotify.com/track/3SktMqZmo3M9zbB7oKMIF7?si=JxtnJKuWSGymNdCJufzMJQ
Say,John Mayer,Say,Pop / Soft Rock,https://open.spotify.com/track/6wZI4mdT8JwXgkGURnBQiq?si=btWeqGflTcyrGXsOhKxs0w
Better When You're Gone,loote (with David Guetta),Better When You're Gone (with David Guetta),Pop,https://open.spotify.com/track/4Tvw0lweq9l2JPQKFbpbBQ?si=PIQtG195RVmSaPUrsAV4cA
tomorrow tonight,loote,lost,Pop,https://open.spotify.com/track/4vsAUbPb6q9FpC4AGBFdVh?si=2DQ3wNcVT5inMk8lDoopyg
85%,loote (feat. gnash),lost,Pop,https://open.spotify.com/track/5teOR8KU4XNWY2WlVUDiIR?si=gUeFUSwWREKEwJdx4Rj4qw
Your Side Of The Bed,loote,single.,Pop,https://open.spotify.com/track/3PWKPX3YJAHBL8JozsWTMC?si=Eq6XJsAKTYC_qpnS5sr4Zw
Wish I Never Met You,loote,single.,Pop,https://open.spotify.com/track/6Wrx0ZDaB3dxBDl1ZnddXT?si=0EGHexMPS1O4AlCJMHveEQ
1-800-273-8255,logic (with Allesia Cara and Khalid),Everybody,Rap,https://open.spotify.com/track/5tz69p7tJuGPeMGwNTxYuV?si=9HbDEbkbT-6BK5PIL3MPyA
Homicide ,logic (with Eminem),Confessions Of A Dangerous Mind,Rap,https://open.spotify.com/track/7M2tXmeS15NAzEn7ABFeBg?si=fJs5j4eiQmGRucWaqg2mKw
Everyday,logic (with Marshmello),Bobby Tarantino II,Rap,https://open.spotify.com/track/4EAV2cKiqKP5UPZmY6dejk?si=9CEx03JKRhGzIB_60mi-0w
Ballin,logic,Uncle Drew,Rap,https://open.spotify.com/track/17N5FdRwJuv3UXQ7MHnbhF?si=ZXwEf1DfSTC8vqYBEOh0Bw
Keanu Reeves,logic,Confessions Of A Dangerous Mind,Rap,https://open.spotify.com/track/3PYx9Wte3jwb48V0wArMOy?si=T9Bdnsz2TQCY3BTsusAkqg
44 More,logic,Bobby Tarantino II,Rap,https://open.spotify.com/track/3e7Y6sfFlIdBMJhX7wpqVO?si=OsstbW1xTaOJ12EuPNISgA
Everybody,logic,Everybody,Rap,https://open.spotify.com/track/7cGFbx7MP0H23iHZTZpqMM?si=Yf3LpDy_Qy2pIKAnY57OhQ
Black SpiderMan,logic (with Damian Lemar Hudson),Everybody,Rap,https://open.spotify.com/track/7BKUWh5sdtdS17crohRe4L?si=tGKSm2pLQoK-LW83d45GBQ
AfricAryaN,logic (with Neil deGrasse Tyson),Everybody,Rap,https://open.spotify.com/track/76ZrqdtkKxhMl42xAQTnFm?si=HePBBgHNQzubyqcX_VHBKA
Blinding Lights,The Weeknd,After Hours,Hip-Hop,https://open.spotify.com/track/0VjIjW4GlUZAMYd2vXMi3b?si=hmYXez8KTMarLXmeMYb0og
In Your Eyes,The Weeknd,After Hours,Hip-Hop,https://open.spotify.com/track/7szuecWAPwGoV1e5vGu8tl?si=lZbVe2uvT8aGZlnXRLqgNw
Starboy,The Weeknd,Starboy,Hip-Hop,https://open.spotify.com/track/7MXVkk9YMctZqd1Srtv4MB?si=n6Y_jzcjQXe7n02YjQodog
The Hills,The Weeknd,Beauty Behind The Madness,Hip-Hop,https://open.spotify.com/track/7fBv7CLKzipRk6EC6TWHOB?si=2LZBES-bQ-m9stWlCyuQNA
Call Out My Name,The Weeknd,My Dear Melancholy ,Hip-Hop,https://open.spotify.com/track/09mEdoA6zrmBPgTEN5qXmN?si=GJIBqfcJSYmRRsmfFE8WCw
Heartless,The Weeknd,After Hours,Hip-Hop,https://open.spotify.com/track/6bnF93Rx87YqUBLSgjiMU8?si=lVeJBYg0QCWD4vDD-z7-gA
Midnight Sky,Miley Cyrus,Plastic Hearts,Pop,https://open.spotify.com/track/4i2qxFEVVUi8yOYoxB8TCX?si=Ogq-D5owTJCMZ9q8AIgkqw
When I Look At You,Miley Cyrus,The Time Of Our Lives,Pop,https://open.spotify.com/track/7ywzEdEuVG1lsjsRCGJfLy?si=2jYCKpfPRgaPjk_HTdYNwg
Party In The U.S.A.,Miley Cyrus,The Time Of Our Lives,Pop,https://open.spotify.com/track/5Q0Nhxo0l2bP3pNjpGJwV1?si=3QBMM9U_RgOUWlI0eE96dQ
We Can't Stop ,Miley Cyrus,Bangerz (Deluxe),Pop,https://open.spotify.com/track/2y4lAQpi5VTNLu2ldeTdUH?si=4l7fe6WoQiSxK9D6Kz_rIQ
Slide Away,Miley Cyrus,Slide Away,Pop,https://open.spotify.com/track/44ADyYoY5liaRa3EOAl4uf?si=Hod7Lh5eQeO9W3nxlKRf_w
Wrecking Ball,Miley Cyrus,Bangerz (Deluxe),Pop,https://open.spotify.com/track/2vwlzO0Qp8kfEtzTsCXfyE?si=E3MIbhMRSbyrjvE3ivSEhQ
ROCKSTAR,DaBaby,BLAME IT ON BABY,Hip-Hop,https://open.spotify.com/track/7ytR5pFWmSjzHJIeQkgog4?si=JptmG5YZR7iq0COXIykdeg
BOP,DaBaby,KIRK,Hip-Hop,https://open.spotify.com/track/6Ozh9Ok6h4Oi1wUSLtBseN?si=FXHlZciNR7q6qcHVzaxDug
Suge,DaBaby,Baby On Baby,Hip-Hop,https://open.spotify.com/track/2gwkD6igEhQbDQegRCcdoB?si=GjUcaFpBTj-kc2BFmHHLQA
VIBEZ,DaBaby,KIRK,Hip-Hop,https://open.spotify.com/track/0fySG6A6qLE8IvDpayb5bM?si=jsKvwFKRQKCoi8SBL8qhyw
TOES,DaBaby (feat. Lil Baby & Moneybagg Yo),KIRK,Hip-Hop,https://open.spotify.com/track/2FvD20Z8aoWIePi7PoN8sG?si=ayeUN9w4QyizFMHo0argzw
Dynamite,BTS,BE,Kpop,https://open.spotify.com/track/4saklk6nie3yiGePpBwUoc?si=4kTw2JDfRLSBymW5wntXYg
Boy With Luv,BTS,MAP OF THE SOUL: 7,Kpop,https://open.spotify.com/track/5KawlOMHjWeUjQtnuRs22c?si=TRRySjLjSymmNilIzWWYzA
ON,BTS,MAP OF THE SOUL: 7,Kpop,https://open.spotify.com/track/2QyuXBcV1LJ2rq01KhreMF?si=gzs-9XKmSmOQH7c89wqbwQ
IDOL,BTS,Love Yourself,Kpop,https://open.spotify.com/track/2AIWoHr9DF6y4KALCBKWQS?si=c_dmtxGBQMKmdWtUSWinZQ
Save Me,BTS,The Most Beautiful Moment in Life: Young Forever,Kpop,https://open.spotify.com/track/54s6sdPuMjVtdB5d5KFzTC?si=sBjiS1NmQ_usf0YgmjXyUw
Lonely,benny blanco (with Justin Bieber),Lonely,Pop,https://open.spotify.com/track/4y4spB9m0Q6026KfkAvy9Q?si=zwReCEW7S7WLqlywZs1njg
Graduation,benny blanco (with Juice WRLD),Graduation,Pop,https://open.spotify.com/track/6cjSh516BbrNUs213jDAGm?si=TxWy5qXQRfWv5aroC9tkug
Eastside,benny blanco (with Halsey & Khalid),FRIENDS KEEP SECRETS,Pop,https://open.spotify.com/track/7FGq80cy8juXBCD2nrqdWU?si=j-cwNCV9TsWePzekkrA5hg
Alone Pt. II,Alan Walker,Alone Pt. II,Electronic,https://open.spotify.com/track/0bMbDctzMmTyK2j74j3nF3?si=kFLvsSgGTemD2sCIyCp8ew
Faded,Alan Walker,Different World,Electronic,https://open.spotify.com/track/698ItKASDavgwZ3WjaWjtz?si=63ASiyx4RguLvnQZPmWvtQ
On My Way,Alan Walker,On My Way,Electronic,https://open.spotify.com/track/4n7jnSxVLd8QioibtTDBDq?si=E9xKhc-GR_aw7XupxaNPnQ
Darkside,Alan Walker,Different World,Electronic,https://open.spotify.com/track/6SRWhUJcD2YKahCwHavz3X?si=6XMILzpTTHyyT0f63GLK-w
Alone ,Alan Walker,Different World,Electronic,https://open.spotify.com/track/3LlmKSHR3Rs0Y3KHQLAYDk?si=YnWqgOhrSyG6Kf_e3LBN2Q
Tired,Alan Walker,Tired,Electronic,https://open.spotify.com/track/3b5Li4QKDVBx1x7fQuu54a?si=uCbj6kgsQUSFrKaxNAxENA
Stereo Hearts,Gym Class Heroes,Papercut Chronicles II,Alternative Rock,https://open.spotify.com/track/0qOnSQQF0yzuPWsXrQ9paz?si=bGY492rLROSVehKrdSLx_Q
The Fighter,Gym Class Heroes,Papercut Chronicles II,Alternative Rock,https://open.spotify.com/track/77ZdAoTHYoF6Umo76HFD4m?si=ZumSYYzyS0ypfPKJguv9aA
Apologize,OneRepublic,Dreaming Out Loud,Pop Rock,https://open.spotify.com/track/1NrJYpdAi7uosDRPmSYrsG?si=Q4zGHnHWQ-KAFVJTy3ICHQ
Counting Stars,OneRepublic,Native,Pop Rock,https://open.spotify.com/track/6sy3LkhNFjJWlaeSMNwQ62?si=kaUwNyk2RiGG6WSy2TfbSw
Stop and Stare,OneRepublic,Dreaming Out Loud,Pop Rock,https://open.spotify.com/track/48s0QHJgmiNsth3WEO6U4M?si=kjhXpvCtQHyDrhrguwsDJg
Secrets ,OneRepublic,Waking Up,Pop Rock,https://open.spotify.com/track/1NhPKVLsHhFUHIOZ32QnS2?si=UveRtiaoT7ucQiU_UixYPQ
Good Life,OneRepublic,Waking Up,Pop Rock,https://open.spotify.com/track/6OtCIsQZ64Vs1EbzztvAv4?si=NRD823N4SJSyem-xcPTPuQ
Rescue Me,OneRepublic,Rescue Me,Pop Rock,https://open.spotify.com/track/53Ji6ZvVjsBl4pIuiETfhN?si=3RXSVk17QZeNd2OvnBuSfw
